Trade number,Type,Date and time,Signal,Price USD,Size (qty),Size (value),Net PnL USD,Return %,Commission USD,Favorable excursion USD,Favorable excursion %,Adverse excursion USD,Adverse excursion %,Cumulative PnL USD,Cumulative PnL %,Duration (bars)
1,Exit long,2023-01-14 08:00,Long SL/Trail,20256.5,59.291184,999600.1506,200551.47,20.06,880.25,264246.94,26.42,-11034.31,-1.10,200551.47,20.06,62
1,Entry long,2023-01-04 00:00,Buy,16859.17,59.291184,999600.1506,200551.47,20.06,880.25,264246.94,26.42,-11034.31,-1.10,200551.47,20.06,62
2,Exit short,2023-02-01 20:00,Buy signal — close short,23729.88,52.67001,1200071.43,-50761.55,-4.23,979.97,14056.37,1.17,-54237.68,-4.52,149789.9,14.98,13
2,Entry short,2023-01-30 16:00,Sell,22784.72,52.67001,1200071.43,-50761.55,-4.23,979.97,14056.37,1.17,-54237.68,-4.52,149789.9,14.98,13
3,Exit long,2023-02-05 16:00,Sell signal — close long,22901.8,48.455029,1149832.024,-41028.46,-3.57,903.82,25136.92,2.19,-47161.86,-4.10,108761.45,10.88,23
3,Entry long,2023-02-01 20:00,Buy,23729.88,48.455029,1149832.024,-41028.46,-3.57,903.82,25136.92,2.19,-47161.86,-4.10,108761.45,10.88,23
4,Exit short,2023-02-14 16:00,Buy signal — close short,22217.71,48.413826,1108763.76,32245.65,2.91,873.76,73451,6.62,-26715.75,-2.41,141007.11,14.10,54
4,Entry short,2023-02-05 16:00,Sell,22901.8,48.413826,1108763.76,32245.65,2.91,873.76,73451,6.62,-26715.75,-2.41,141007.11,14.10,54
5,Exit long,2023-02-16 20:00,Long SL/Trail,23987.16,51.354658,1140982.899,89920.37,7.88,949.13,155249.9,13.60,-8536.53,-0.75,230927.47,23.09,13
5,Entry long,2023-02-14 16:00,Buy,22217.71,51.354658,1140982.899,89920.37,7.88,949.13,155249.9,13.60,-8536.53,-0.75,230927.47,23.09,13
6,Exit short,2023-03-11 00:00,Short SL/Trail,20547.49,52.314848,1230435.285,154574.31,12.56,922.15,206193.84,16.75,-91230.71,-7.41,385501.78,38.55,133
6,Entry short,2023-02-16 20:00,Sell,23519.81,52.314848,1230435.285,154574.31,12.56,922.15,206193.84,16.75,-91230.71,-7.41,385501.78,38.55,133
7,Exit long,2023-03-14 16:00,Long SL/Trail,25205.35,65.279106,1384947.804,259222.78,18.71,1212.13,346482.8,25.01,-2533.89,-0.18,644724.56,64.47,12
7,Entry long,2023-03-12 16:00,Buy,21215.79,65.279106,1384947.804,259222.78,18.71,1212.13,346482.8,25.01,-2533.89,-0.18,644724.56,64.47,12
8,Exit short,2023-03-29 08:00,Buy signal — close short,28357.04,61.53689,1644066.937,-102292.74,-6.22,1355.63,10520.55,0.64,-129603.26,-7.88,542431.8,54.24,40
8,Entry short,2023-03-22 16:00,Sell,26716.77,61.53689,1644066.937,-102292.74,-6.22,1355.63,10520.55,0.64,-129603.26,-7.88,542431.8,54.24,40
9,Exit long,2023-04-17 04:00,Sell signal — close long,29858.47,54.396202,1542515.276,80405.41,5.21,1266.68,145501.53,9.43,-61471.67,-3.98,622837.25,62.28,113
9,Entry long,2023-03-29 08:00,Buy,28357.04,54.396202,1542515.276,80405.41,5.21,1266.68,145501.53,9.43,-61471.67,-3.98,622837.25,62.28,113
10,Exit short,2023-04-18 08:00,Buy signal — close short,30371.17,54.351075,1622839.942,-29175.21,-1.80,1309.42,39162.48,2.41,-28716.03,-1.77,593662,59.37,7
10,Entry short,2023-04-17 04:00,Sell,29858.47,54.351075,1622839.942,-29175.21,-1.80,1309.42,39162.48,2.41,-28716.03,-1.77,593662,59.37,7
11,Exit long,2023-04-19 08:00,Sell signal — close long,29321.42,52.473678,1593686.995,-56337.16,-3.53,1252.92,4599.92,0.29,-72119.22,-4.52,537324.9,53.73,6
11,Entry long,2023-04-18 08:00,Buy,30371.17,52.473678,1593686.995,-56337.16,-3.53,1252.92,4599.92,0.29,-72119.22,-4.52,537324.9,53.73,6
12,Exit short,2023-04-25 20:00,Short SL/Trail,28327.5,52.430184,1537327.446,50902.39,3.31,1209.02,122223.23,7.95,-10839.86,-0.70,588227.25,58.82,39
12,Entry short,2023-04-19 08:00,Sell,29321.42,52.430184,1537327.446,50902.39,3.31,1209.02,122223.23,7.95,-10839.86,-0.70,588227.25,58.82,39
13,Exit long,2023-04-26 16:00,Long SL/Trail,28520.85,56.062234,1587592.207,10075.75,0.63,1274.61,94872.59,5.97,-1166.51,-0.07,598303,59.83,4
13,Entry long,2023-04-26 00:00,Buy,28318.39,56.062234,1587592.207,10075.75,0.63,1274.61,94872.59,5.97,-1166.51,-0.07,598303,59.83,4
14,Exit short,2023-05-05 00:00,Buy signal — close short,29204.37,57.27328,1597663.919,-76274.26,-4.77,1308.12,36847.44,2.31,-119034.39,-7.45,522028.75,52.20,50
14,Entry short,2023-04-26 16:00,Sell,27895.45,57.27328,1597663.919,-76274.26,-4.77,1308.12,36847.44,2.31,-119034.39,-7.45,522028.75,52.20,50
15,Exit long,2023-05-07 20:00,Sell signal — close long,28462.85,52.118612,1522091.229,-39849.21,-2.62,1202.21,32542.25,2.14,-42344.9,-2.78,482179.53,48.22,17
15,Entry long,2023-05-05 00:00,Buy,29204.37,52.118612,1522091.229,-39849.21,-2.62,1202.21,32542.25,2.14,-42344.9,-2.78,482179.53,48.22,17
16,Exit short,2023-05-14 12:00,Short SL/Trail,27118.5,52.074269,1482182.107,68848.3,4.64,1157.74,136661.88,9.22,-11131.14,-0.75,551027.8,55.10,40
16,Entry short,2023-05-07 20:00,Sell,28462.85,52.074269,1482182.107,68848.3,4.64,1157.74,136661.88,9.22,-11131.14,-0.75,551027.8,55.10,40
17,Exit long,2023-05-24 12:00,Sell signal — close long,26306.99,56.640634,1550407.649,-61579.24,-3.97,1216.18,5475.5,0.35,-74048.52,-4.77,489448.6,48.94,9
17,Entry long,2023-05-23 00:00,Buy,27372.71,56.640634,1550407.649,-61579.24,-3.97,1216.18,5475.5,0.35,-74048.52,-4.77,489448.6,48.94,9
18,Exit short,2023-05-28 00:00,Buy signal — close short,27195.17,56.618073,1489451.08,-51498.71,-3.46,1211.68,23780,1.60,-53743.73,-3.61,437949.88,43.79,21
18,Entry short,2023-05-24 12:00,Sell,26306.99,56.618073,1489451.08,-51498.71,-3.46,1211.68,23780,1.60,-53743.73,-3.61,437949.88,43.79,21
19,Exit long,2023-05-31 04:00,Long SL/Trail,27034.99,52.876773,1437992.831,-9616.81,-0.67,1147.01,66195.48,4.60,-9045,-0.63,428333.06,42.83,19
19,Entry long,2023-05-28 00:00,Buy,27195.17,52.876773,1437992.831,-9616.81,-0.67,1147.01,66195.48,4.60,-9045,-0.63,428333.06,42.83,19
20,Exit short,2023-06-06 16:00,Short SL/Trail,26629.95,52.536271,1427761.951,27592.96,1.93,1130.72,94775.92,6.64,-15296.5,-1.07,455926.03,45.59,39
20,Entry short,2023-05-31 04:00,Sell,27176.69,52.536271,1427761.951,27592.96,1.93,1130.72,94775.92,6.64,-15296.5,-1.07,455926.03,45.59,39
21,Exit long,2023-06-10 04:00,Sell signal — close long,25663.04,53.715451,1455343.869,-77975.64,-5.36,1133.54,15270.37,1.05,-87023.19,-5.98,377950.38,37.80,21
21,Entry long,2023-06-06 16:00,Buy,27093.58,53.715451,1455343.869,-77975.64,-5.36,1133.54,15270.37,1.05,-87023.19,-5.98,377950.38,37.80,21
22,Exit short,2023-06-16 12:00,Buy signal — close short,25800.58,53.694057,1377952.733,-8490.4,-0.62,1105.32,48055.36,3.49,-41051.54,-2.98,369460,36.95,38
22,Entry short,2023-06-10 04:00,Sell,25663.04,53.694057,1377952.733,-8490.4,-0.62,1105.32,48055.36,3.49,-41051.54,-2.98,369460,36.95,38
23,Exit long,2023-06-30 12:00,Long SL/Trail,29843.99,53.07898,1369468.47,213438.66,15.58,1181.42,297447.7,21.71,-3236.24,-0.24,582898.6,58.29,84
23,Entry long,2023-06-16 12:00,Buy,25800.58,53.07898,1369468.47,213438.66,15.58,1181.42,297447.7,21.71,-3236.24,-0.24,582898.6,58.29,84
24,Exit short,2023-07-10 16:00,Buy signal — close short,30841.73,52.900186,1582265.723,-50553.05,-3.19,1285.52,7145.01,0.45,-49963.39,-3.16,532345.6,53.23,23
24,Entry short,2023-07-06 20:00,Sell,29910.4,52.900186,1582265.723,-50553.05,-3.19,1285.52,7145.01,0.45,-49963.39,-3.16,532345.6,53.23,23
25,Exit long,2023-07-14 16:00,Sell signal — close long,30127.81,49.685519,1532387.362,-36683.21,-2.39,1211.72,48348.65,3.15,-45151.55,-2.95,495662.4,49.57,24
25,Entry long,2023-07-10 16:00,Buy,30841.73,49.685519,1532387.362,-36683.21,-2.39,1211.72,48348.65,3.15,-45151.55,-2.95,495662.4,49.57,24
26,Exit short,2023-08-01 20:00,Buy signal — close short,29698.6,49.643996,1495664.879,20119.69,1.34,1188.01,74033.04,4.95,-16321.51,-1.09,515782.1,51.58,109
26,Entry short,2023-07-14 16:00,Sell,30127.81,49.643996,1495664.879,20119.69,1.34,1188.01,74033.04,4.95,-16321.51,-1.09,515782.1,51.58,109
27,Exit long,2023-08-04 16:00,Sell signal — close long,28993.73,51.038348,1515767.482,-37173.62,-2.45,1198.22,15837.74,1.04,-40027.3,-2.64,478608.47,47.86,17
27,Entry long,2023-08-01 20:00,Buy,29698.6,51.038348,1515767.482,-37173.62,-2.45,1198.22,15837.74,1.04,-40027.3,-2.64,478608.47,47.86,17
28,Exit short,2023-08-08 08:00,Buy signal — close short,29394.59,50.997611,1478610.964,-21633.97,-1.46,1191.07,16457.57,1.11,-21195.5,-1.43,456974.5,45.70,22
28,Entry short,2023-08-04 16:00,Sell,28993.73,50.997611,1478610.964,-21633.97,-1.46,1191.07,16457.57,1.11,-21195.5,-1.43,456974.5,45.70,22
29,Exit long,2023-08-15 16:00,Sell signal — close long,29151.06,49.566718,1456993.353,-13231.75,-0.91,1160.77,39250.01,2.69,-17112.31,-1.17,443742.75,44.37,44
29,Entry long,2023-08-08 08:00,Buy,29394.59,49.566718,1456993.353,-13231.75,-0.91,1160.77,39250.01,2.69,-17112.31,-1.17,443742.75,44.37,44
30,Exit short,2023-08-23 16:00,Short SL/Trail,26645.32,49.526336,1443745.192,122994.77,8.52,1105.36,186365.11,12.90,-4141.91,-0.29,566737.5,56.67,48
30,Entry short,2023-08-15 16:00,Sell,29151.06,49.526336,1443745.192,122994.77,8.52,1105.36,186365.11,12.90,-4141.91,-0.29,566737.5,56.67,48
31,Exit long,2023-08-31 16:00,Long SL/Trail,26726.59,58.809277,1566111.042,4405.24,0.28,1255.15,87761.55,5.60,-51559.39,-3.29,571142.75,57.11,48
31,Entry long,2023-08-23 16:00,Buy,26630.34,58.809277,1566111.042,4405.24,0.28,1255.15,87761.55,5.60,-51559.39,-3.29,571142.75,57.11,48
32,Exit short,2023-09-07 20:00,Buy signal — close short,26251.63,60.017202,1570514.537,-6293.27,-0.40,1258.43,49660.21,3.16,-15796.35,-1.01,564849.5,56.48,43
32,Entry short,2023-08-31 16:00,Sell,26167.74,60.017202,1570514.537,-6293.27,-0.40,1258.43,49660.21,3.16,-15796.35,-1.01,564849.5,56.48,43
33,Exit long,2023-09-11 08:00,Sell signal — close long,25594.79,59.609866,1564856.147,-40390.37,-2.58,1236.22,10086.55,0.64,-40815.51,-2.61,524459.1,52.45,21
33,Entry long,2023-09-07 20:00,Buy,26251.63,59.609866,1564856.147,-40390.37,-2.58,1236.22,10086.55,0.64,-40815.51,-2.61,524459.1,52.45,21
34,Exit short,2023-09-12 00:00,Buy signal — close short,25791,59.561418,1524461.986,-12910.79,-0.85,1224.24,39603.11,2.60,-21009.57,-1.38,511548.3,51.15,4
34,Entry short,2023-09-11 08:00,Sell,25594.79,59.561418,1524461.986,-12910.79,-0.85,1224.24,39603.11,2.60,-21009.57,-1.38,511548.3,51.15,4
35,Exit long,2023-09-21 12:00,Sell signal — close long,26590.94,58.608062,1511560.527,45654.93,3.02,1228,98976.92,6.55,-10898.54,-0.72,557203.25,55.72,57
35,Entry long,2023-09-12 00:00,Buy,25791,58.608062,1511560.527,45654.93,3.02,1228,98976.92,6.55,-10898.54,-0.72,557203.25,55.72,57
36,Exit short,2023-09-27 08:00,Buy signal — close short,26741.72,58.561528,1557206.077,-10079.2,-0.65,1249.3,34579.04,2.22,-13508.18,-0.87,547124.06,54.71,35
36,Entry short,2023-09-21 12:00,Sell,26590.94,58.561528,1557206.077,-10079.2,-0.65,1249.3,34579.04,2.22,-13508.18,-0.87,547124.06,54.71,35
37,Exit long,2023-10-02 20:00,Sell signal — close long,27505.88,57.854691,1547133.947,42954.85,2.78,1255.39,106011.39,6.85,-38025.38,-2.46,590078.9,59.01,33
37,Entry long,2023-09-27 08:00,Buy,26741.72,57.854691,1547133.947,42954.85,2.78,1255.39,106011.39,6.85,-38025.38,-2.46,590078.9,59.01,33
38,Exit short,2023-10-16 04:00,Buy signal — close short,27857.37,57.808792,1590081.696,-21599.41,-1.36,1280.19,55325.77,3.48,-43952.16,-2.76,568479.5,56.85,80
38,Entry short,2023-10-02 20:00,Sell,27505.88,57.808792,1590081.696,-21599.41,-1.36,1280.19,55325.77,3.48,-43952.16,-2.76,568479.5,56.85,80
39,Exit long,2023-10-16 12:00,Long SL/Trail,28069.91,56.304617,1568498.548,10707.4,0.68,1259.59,118896.04,7.58,-11771.21,-0.75,579186.9,57.92,2
39,Entry long,2023-10-16 04:00,Buy,27857.37,56.304617,1568498.548,10707.4,0.68,1259.59,118896.04,7.58,-11771.21,-0.75,579186.9,57.92,2
40,Exit short,2023-11-09 00:00,Buy signal — close short,36458.51,46.067851,1578555.454,-102313,-6.48,1303.25,4213.07,0.27,-105224.33,-6.66,476873.88,47.69,34
40,Entry short,2023-11-03 08:00,Sell,34265.88,46.067851,1578555.454,-102313,-6.48,1303.25,4213.07,0.27,-105224.33,-6.66,476873.88,47.69,34
41,Exit long,2023-11-09 16:00,Long SL/Trail,36075.2,40.510618,1476956.771,-16703.48,-1.13,1175.35,60800.22,4.11,-16118.91,-1.09,460170.4,46.02,4
41,Entry long,2023-11-09 00:00,Buy,36458.51,40.510618,1476956.771,-16703.48,-1.13,1175.35,60800.22,4.11,-16118.91,-1.09,460170.4,46.02,4
42,Exit short,2023-11-15 16:00,Buy signal — close short,37530.75,41.351341,1459586.554,-93564.9,-6.41,1204.61,2259.9,0.15,-103116.55,-7.06,366605.5,36.66,6
42,Entry short,2023-11-14 16:00,Sell,35297.2,41.351341,1459586.554,-93564.9,-6.41,1204.61,2259.9,0.15,-103116.55,-7.06,366605.5,36.66,6
43,Exit long,2023-11-21 20:00,Sell signal — close long,35772.41,36.414973,1366681.248,-65097.64,-4.76,1067.73,15548.75,1.14,-73540.85,-5.38,301507.88,30.15,37
43,Entry long,2023-11-15 16:00,Buy,37530.75,36.414973,1366681.248,-65097.64,-4.76,1067.73,15548.75,1.14,-73540.85,-5.38,301507.88,30.15,37
44,Exit short,2023-11-24 12:00,Buy signal — close short,38229.33,36.383061,1301509.775,-90467.23,-6.95,1076.96,3628.52,0.28,-96462.01,-7.41,211040.64,21.10,16
44,Entry short,2023-11-21 20:00,Sell,35772.41,36.383061,1301509.775,-90467.23,-6.95,1076.96,3628.52,0.28,-96462.01,-7.41,211040.64,21.10,16
45,Exit long,2023-11-27 12:00,Sell signal — close long,36764.13,31.680231,1211114.005,-47368.2,-3.91,950.32,3411.27,0.28,-47127.57,-3.89,163672.44,16.37,18
45,Entry long,2023-11-24 12:00,Buy,38229.33,31.680231,1211114.005,-47368.2,-3.91,950.32,3411.27,0.28,-47127.57,-3.89,163672.44,16.37,18
46,Exit short,2023-11-28 16:00,Buy signal — close short,38119.43,31.652431,1163674.088,-43846.64,-3.77,948.1,259.05,0.02,-51000.48,-4.38,119825.8,11.98,7
46,Entry short,2023-11-27 12:00,Sell,36764.13,31.652431,1163674.088,-43846.64,-3.77,948.1,259.05,0.02,-51000.48,-4.38,119825.8,11.98,7
47,Exit long,2023-12-11 00:00,Long SL/Trail,42479.62,29.377714,1119861.712,127145.29,11.35,947.13,193327.75,17.26,-18251.13,-1.63,246971.1,24.70,74
47,Entry long,2023-11-28 16:00,Buy,38119.43,29.377714,1119861.712,127145.29,11.35,947.13,193327.75,17.26,-18251.13,-1.63,246971.1,24.70,74
48,Exit short,2023-12-13 16:00,Short SL/Trail,42246.13,29.459182,1246472.49,939.65,0.08,996.4,60702.27,4.87,-5496.93,-0.44,247910.75,24.79,16
48,Entry short,2023-12-11 00:00,Sell,42311.85,29.459182,1246472.49,939.65,0.08,996.4,60702.27,4.87,-5496.93,-0.44,247910.75,24.79,16
49,Exit long,2023-12-26 12:00,Sell signal — close long,42398.04,28.825581,1247411.74,-26251.43,-2.10,987.82,31796.64,2.55,-80046.04,-6.41,221659.31,22.17,73
49,Entry long,2023-12-14 08:00,Buy,43274.47,28.825581,1247411.74,-26251.43,-2.10,987.82,31796.64,2.55,-80046.04,-6.41,221659.31,22.17,73
50,Exit short,2024-01-01 16:00,Buy signal — close short,43507.6,28.814083,1221660.644,-32961.07,-2.70,990.12,29065.94,2.38,-41306.98,-3.38,188698.25,18.87,37
50,Entry short,2023-12-26 12:00,Sell,42398.04,28.814083,1221660.644,-32961.07,-2.70,990.12,29065.94,2.38,-41306.98,-3.38,188698.25,18.87,37
51,Exit long,2024-01-03 08:00,Long SL/Trail,43599.47,27.322246,1188725.35,1558.11,0.13,951.98,64732.6,5.44,-4105.8,-0.35,190256.36,19.03,10
51,Entry long,2024-01-01 16:00,Buy,43507.6,27.322246,1188725.35,1558.11,0.13,951.98,64732.6,5.44,-4105.8,-0.35,190256.36,19.03,10
52,Exit short,2024-01-03 12:00,Short SL/Trail,42998.36,27.214488,1189780.404,18658.07,1.57,943.98,76801.8,6.45,-739.89,-0.06,208914.42,20.89,1
52,Entry short,2024-01-03 08:00,Sell,43718.64,27.214488,1189780.404,18658.07,1.57,943.98,76801.8,6.45,-739.89,-0.06,208914.42,20.89,1
53,Exit long,2024-01-11 16:00,Long SL/Trail,46517.09,25.706999,1208431.01,-13577.92,-1.12,961.7,49839.36,4.12,-68787.12,-5.69,195336.5,19.53,18
53,Entry long,2024-01-08 16:00,Buy,47007.86,25.706999,1208431.01,-13577.92,-1.12,961.7,49839.36,4.12,-68787.12,-5.69,195336.5,19.53,18
54,Exit short,2024-01-24 08:00,Short SL/Trail,40439.91,26.871955,1194858.523,107246.46,8.97,912.62,159429.81,13.34,-5929.19,-0.50,302582.97,30.26,71
54,Entry short,2024-01-12 12:00,Sell,44464.89,26.871955,1194858.523,107246.46,8.97,912.62,159429.81,13.34,-5929.19,-0.50,302582.97,30.26,71
55,Exit long,2024-02-28 20:00,Long SL/Trail,60799.39,31.55519,1302062.121,615185.94,47.23,1288.24,716930.3,55.04,-12038.78,-0.92,917768.9,91.78,201
55,Entry long,2024-01-26 08:00,Buy,41263.01,31.55519,1302062.121,615185.94,47.23,1288.24,716930.3,55.04,-12038.78,-0.92,917768.9,91.78,201
56,Exit short,2024-03-10 08:00,Buy signal — close short,69706.61,31.19525,1917002.08,-259149.66,-13.51,1636.61,3343.49,0.17,-270136.84,-14.09,658619.25,65.86,28
56,Entry short,2024-03-05 16:00,Sell,61451.73,31.19525,1917002.08,-259149.66,-13.51,1636.61,3343.49,0.17,-270136.84,-14.09,658619.25,65.86,28
57,Exit long,2024-03-12 16:00,Long SL/Trail,69319.11,23.797266,1658826.74,-10544.81,-0.64,1323.37,76937.45,4.64,-59543.92,-3.59,648074.44,64.81,14
57,Entry long,2024-03-10 08:00,Buy,69706.61,23.797266,1658826.74,-10544.81,-0.64,1323.37,76937.45,4.64,-59543.92,-3.59,648074.44,64.81,14
58,Exit short,2024-03-15 16:00,Short SL/Trail,68899.71,23.726631,1647415.441,11344.58,0.69,1312.87,89845.08,5.45,-70761.43,-4.29,659419,65.94,6
58,Entry short,2024-03-14 16:00,Sell,69433.18,23.726631,1647415.441,11344.58,0.69,1312.87,89845.08,5.45,-70761.43,-4.29,659419,65.94,6
59,Exit long,2024-04-01 12:00,Sell signal — close long,68249.12,23.772085,1658755.472,-37644.06,-2.27,1312.47,45669.72,2.75,-38107.86,-2.30,621774.94,62.18,42
59,Entry long,2024-03-25 12:00,Buy,69777.45,23.772085,1658755.472,-37644.06,-2.27,1312.47,45669.72,2.75,-38107.86,-2.30,621774.94,62.18,42
60,Exit short,2024-04-04 12:00,Short SL/Trail,67753.06,23.762594,1621776.129,10494.97,0.65,1292.71,87806.12,5.41,-39905.7,-2.46,632269.94,63.23,18
60,Entry short,2024-04-01 12:00,Sell,68249.12,23.762594,1621776.129,10494.97,0.65,1292.71,87806.12,5.41,-39905.7,-2.46,632269.94,63.23,18
61,Exit long,2024-04-09 12:00,Long SL/Trail,69115.46,23.503148,1631617.208,-8488.74,-0.52,1302.42,77658.43,4.76,-12749.72,-0.78,623781.2,62.38,15
61,Entry long,2024-04-07 00:00,Buy,69421.22,23.503148,1631617.208,-8488.74,-0.52,1302.42,77658.43,4.76,-12749.72,-0.78,623781.2,62.38,15
62,Exit short,2024-04-13 20:00,Short SL/Trail,63951.03,23.649269,1623131.867,109482.55,6.74,1254.21,185103.94,11.40,-63107.68,-3.89,733263.75,73.33,20
62,Entry short,2024-04-10 12:00,Sell,68633.49,23.649269,1623131.867,109482.55,6.74,1254.21,185103.94,11.40,-63107.68,-3.89,733263.75,73.33,20
63,Exit long,2024-04-24 16:00,Sell signal — close long,63979.56,26.030967,1732570.663,-68480.05,-3.95,1359.21,16865.38,0.97,-72484.87,-4.18,664783.7,66.48,12
63,Entry long,2024-04-22 16:00,Buy,66558.06,26.030967,1732570.663,-68480.05,-3.95,1359.21,16865.38,0.97,-72484.87,-4.18,664783.7,66.48,12
64,Exit short,2024-05-01 16:00,Short SL/Trail,59364.24,26.020575,1664784.939,118809.49,7.13,1283.79,192985.19,11.59,-33535.89,-2.01,783593.1,78.36,42
64,Entry short,2024-04-24 16:00,Sell,63979.56,26.020575,1664784.939,118809.49,7.13,1283.79,192985.19,11.59,-33535.89,-2.01,783593.1,78.36,42
65,Exit long,2024-05-08 00:00,Long SL/Trail,62215.97,28.906494,1782879.995,14133.04,0.79,1432.53,109508.76,6.14,-4601.94,-0.26,797726.2,79.77,27
65,Entry long,2024-05-03 12:00,Buy,61677.49,28.906494,1782879.995,14133.04,0.79,1432.53,109508.76,6.14,-4601.94,-0.26,797726.2,79.77,27
66,Exit short,2024-05-13 12:00,Buy signal — close short,62975.18,29.363503,1797007.33,-53623.03,-2.98,1458.47,28396.29,1.58,-66858.33,-3.72,744103.2,74.41,28
66,Entry short,2024-05-08 20:00,Sell,61198.67,29.363503,1797007.33,-53623.03,-2.98,1458.47,28396.29,1.58,-66858.33,-3.72,744103.2,74.41,28
67,Exit long,2024-05-23 12:00,Long SL/Trail,68356.88,27.695773,1744146.29,147595.4,8.46,1454.94,247995.98,14.21,-51694.44,-2.96,891698.56,89.17,60
67,Entry long,2024-05-13 12:00,Buy,62975.18,27.695773,1744146.29,147595.4,8.46,1454.94,247995.98,14.21,-51694.44,-2.96,891698.56,89.17,60
68,Exit short,2024-05-27 12:00,Buy signal — close short,70335.91,27.790935,1890942.184,-65296.78,-3.45,1538.26,44538.96,2.35,-68272.79,-3.61,826401.8,82.64,24
68,Entry short,2024-05-23 12:00,Sell,68041.69,27.790935,1890942.184,-65296.78,-3.45,1538.26,44538.96,2.35,-68272.79,-3.61,826401.8,82.64,24
69,Exit long,2024-06-07 16:00,Sell signal — close long,69235.47,25.967591,1826454.143,-30025.51,-1.64,1449.73,40743.3,2.23,-96258.59,-5.27,796376.3,79.64,67
69,Entry long,2024-05-27 12:00,Buy,70335.91,25.967591,1826454.143,-30025.51,-1.64,1449.73,40743.3,2.23,-96258.59,-5.27,796376.3,79.64,67
70,Exit short,2024-06-12 12:00,Short SL/Trail,69405.75,25.945919,1796377.897,-5856.94,-0.33,1438.87,80616.72,4.49,-24922.2,-1.39,790519.3,79.05,29
70,Entry short,2024-06-07 16:00,Sell,69235.47,25.945919,1796377.897,-5856.94,-0.33,1438.87,80616.72,4.49,-24922.2,-1.39,790519.3,79.05,29
71,Exit long,2024-06-14 16:00,Sell signal — close long,65496.71,25.669597,1789803.41,-109917.69,-6.14,1388.43,2574.66,0.14,-120742.34,-6.74,680601.6,68.06,13
71,Entry long,2024-06-12 12:00,Buy,69724.64,25.669597,1789803.41,-109917.69,-6.14,1388.43,2574.66,0.14,-120742.34,-6.74,680601.6,68.06,13
72,Exit short,2024-06-25 00:00,Short SL/Trail,61425.56,25.659349,1680602.94,103160.36,6.14,1302.7,178846.2,10.64,-45612.79,-2.71,783762,78.38,62
72,Entry short,2024-06-14 16:00,Sell,65496.71,25.659349,1680602.94,103160.36,6.14,1302.7,178846.2,10.64,-45612.79,-2.71,783762,78.38,62
73,Exit long,2024-07-03 00:00,Sell signal — close long,60894.08,28.45058,1783048.775,-51983.09,-2.91,1406.21,29980.12,1.68,-61003.41,-3.42,731778.94,73.18,13
73,Entry long,2024-06-30 20:00,Buy,62671.79,28.45058,1783048.775,-51983.09,-2.91,1406.21,29980.12,1.68,-61003.41,-3.42,731778.94,73.18,13
74,Exit short,2024-07-05 12:00,Short SL/Trail,56219.39,28.439223,1731780.32,131612.31,7.60,1332.25,208388.19,12.03,-6247.75,-0.36,863391.25,86.34,15
74,Entry short,2024-07-03 00:00,Sell,60894.08,28.439223,1731780.32,131612.31,7.60,1332.25,208388.19,12.03,-6247.75,-0.36,863391.25,86.34,15
75,Exit long,2024-07-24 20:00,Sell signal — close long,65389.13,31.584813,1862646.123,201086.14,10.79,1571.18,299468.9,16.07,-77241.9,-4.15,1064477.4,106.45,88
75,Entry long,2024-07-10 04:00,Buy,58972.84,31.584813,1862646.123,201086.14,10.79,1571.18,299468.9,16.07,-77241.9,-4.15,1064477.4,106.45,88
76,Exit short,2024-07-26 00:00,Buy signal — close short,67022.52,31.572204,2064478.952,-53241.93,-2.58,1672.21,60054.26,2.91,-65327.8,-3.16,1011235.44,101.12,7
76,Entry short,2024-07-24 20:00,Sell,65389.13,31.572204,2064478.952,-53241.93,-2.58,1672.21,60054.26,2.91,-65327.8,-3.16,1011235.44,101.12,7
77,Exit long,2024-07-29 16:00,Long SL/Trail,66515.02,30.008997,2011278.602,-16832.5,-0.84,1602.93,89022.62,4.42,-16034.08,-0.80,994402.94,99.44,22
77,Entry long,2024-07-26 00:00,Buy,67022.52,30.008997,2011278.602,-16832.5,-0.84,1602.93,89022.62,4.42,-16034.08,-0.80,994402.94,99.44,22
78,Exit short,2024-08-01 20:00,Short SL/Trail,65396.97,29.85178,1993605.454,39811.16,2.00,1578.33,133555.86,6.70,-6943.92,-0.35,1034214.1,103.42,18
78,Entry short,2024-07-29 20:00,Sell,66783.47,29.85178,1993605.454,39811.16,2.00,1578.33,133555.86,6.70,-6943.92,-0.35,1034214.1,103.42,18
79,Exit long,2024-08-09 12:00,Long SL/Trail,59577.84,34.215659,2033400.688,3465.61,0.17,1628.76,111571.73,5.48,-6696.4,-0.33,1037679.7,103.77,6
79,Entry long,2024-08-08 12:00,Buy,59428.95,34.215659,2033400.688,3465.61,0.17,1628.76,111571.73,5.48,-6696.4,-0.33,1037679.7,103.77,6
80,Exit short,2024-08-20 00:00,Buy signal — close short,60635.16,35.074935,2036864.961,-91574.79,-4.49,1665.46,66587,3.27,-100478.42,-4.93,946104.94,94.61,29
80,Entry short,2024-08-15 04:00,Sell,58071.81,35.074935,2036864.961,-91574.79,-4.49,1665.46,66587,3.27,-100478.42,-4.93,946104.94,94.61,29
81,Exit long,2024-08-27 08:00,Sell signal — close long,62426.01,32.096535,1946178.535,55900.15,2.87,1579.93,139253.89,7.15,-65686.65,-3.37,1002005.06,100.20,44
81,Entry long,2024-08-20 00:00,Buy,60635.16,32.096535,1946178.535,55900.15,2.87,1579.93,139253.89,7.15,-65686.65,-3.37,1002005.06,100.20,44
82,Exit short,2024-08-29 12:00,Short SL/Trail,60780.82,32.070078,2002007.01,51180.87,2.56,1580.5,144783.23,7.23,-3124.92,-0.16,1053186,105.32,13
82,Entry short,2024-08-27 08:00,Sell,62426.01,32.070078,2002007.01,51180.87,2.56,1580.5,144783.23,7.23,-3124.92,-0.16,1053186,105.32,13
83,Exit long,2024-09-16 12:00,Long SL/Trail,57608.38,35.952386,2052364.964,17144.34,0.84,1649.41,126982.95,6.18,-55403.14,-2.70,1070330.2,107.03,41
83,Entry long,2024-09-09 16:00,Buy,57085.64,35.952386,2052364.964,17144.34,0.84,1649.41,126982.95,6.18,-55403.14,-2.70,1070330.2,107.03,41
84,Exit short,2024-09-17 12:00,Buy signal — close short,61117.74,35.753848,2069502.442,-117393.82,-5.67,1701.88,12760.81,0.62,-123105.6,-5.95,952936.44,95.29,6
84,Entry short,2024-09-16 12:00,Sell,57881.95,35.753848,2069502.442,-117393.82,-5.67,1701.88,12760.81,0.62,-123105.6,-5.95,952936.44,95.29,6
85,Exit long,2024-09-30 08:00,Sell signal — close long,63830.77,31.955218,1953030.705,85098.36,4.36,1597.1,169579.72,8.68,-62176.77,-3.18,1038034.8,103.80,77
85,Entry long,2024-09-17 12:00,Buy,61117.74,31.955218,1953030.705,85098.36,4.36,1597.1,169579.72,8.68,-62176.77,-3.18,1038034.8,103.80,77
86,Exit short,2024-10-06 16:00,Short SL/Trail,62857.07,31.928751,2038036.761,29471.03,1.45,1617.99,125844.23,6.17,-11349.15,-0.56,1067505.9,106.75,38
86,Entry short,2024-09-30 08:00,Sell,63830.77,31.928751,2038036.761,29471.03,1.45,1617.99,125844.23,6.17,-11349.15,-0.56,1067505.9,106.75,38
87,Exit long,2024-10-09 16:00,Sell signal — close long,60993.45,32.537489,2066679.134,-83725.93,-4.05,1620.5,29033.96,1.40,-89237.54,-4.32,983779.94,98.38,16
87,Entry long,2024-10-07 00:00,Buy,63516.86,32.537489,2066679.134,-83725.93,-4.05,1620.5,29033.96,1.40,-89237.54,-4.32,983779.94,98.38,16
88,Exit short,2024-10-11 16:00,Buy signal — close short,63030.68,32.524501,1983781.526,-67873.42,-3.42,1613.53,67236.36,3.39,-77496.37,-3.90,915906.5,91.59,12
88,Entry short,2024-10-09 16:00,Sell,60993.45,32.524501,1983781.526,-67873.42,-3.42,1613.53,67236.36,3.39,-77496.37,-3.90,915906.5,91.59,12
89,Exit long,2024-10-21 12:00,Sell signal — close long,67310.04,30.397283,1915961.418,128496.12,6.70,1584.8,195548.08,10.20,-31075.21,-1.62,1044402.6,104.44,59
89,Entry long,2024-10-11 16:00,Buy,63030.68,30.397283,1915961.418,128496.12,6.70,1584.8,195548.08,10.20,-31075.21,-1.62,1044402.6,104.44,59
90,Exit short,2024-10-24 16:00,Buy signal — close short,68221.83,30.37295,2044404.479,-29340.35,-1.43,1646.6,62755.25,3.07,-29147.83,-1.43,1015062.25,101.51,19
90,Entry short,2024-10-21 12:00,Sell,67310.04,30.37295,2044404.479,-29340.35,-1.43,1646.6,62755.25,3.07,-29147.83,-1.43,1015062.25,101.51,19
91,Exit long,2024-10-31 16:00,Sell signal — close long,70063.47,29.537265,2015086.271,52763.18,2.62,1633.83,157034.61,7.79,-79025.14,-3.92,1067825.5,106.78,42
91,Entry long,2024-10-24 16:00,Buy,68221.83,29.537265,2015086.271,52763.18,2.62,1633.83,157034.61,7.79,-79025.14,-3.92,1067825.5,106.78,42
92,Exit short,2024-11-05 12:00,Short SL/Trail,70154.47,29.513629,2067827.26,-4341.08,-0.21,1655.34,95084.2,4.60,-43750.87,-2.11,1063484.4,106.35,29
92,Entry short,2024-10-31 16:00,Sell,70063.47,29.513629,2067827.26,-4341.08,-0.21,1655.34,95084.2,4.60,-43750.87,-2.11,1063484.4,106.35,29
93,Exit long,2024-11-12 08:00,Long SL/Trail,85528.9,27.750181,2062659.299,309008.72,14.98,1774.44,434877.47,21.07,-46027.33,-2.23,1372493.1,137.25,38
93,Entry long,2024-11-06 00:00,Buy,74329.58,27.750181,2062659.299,309008.72,14.98,1774.44,434877.47,21.07,-46027.33,-2.23,1372493.1,137.25,38
94,Exit short,2024-11-27 12:00,Short SL/Trail,95339.17,25.025378,2371544.461,-16257.28,-0.69,1902.98,98312.29,4.14,-16464.6,-0.69,1356235.8,135.62,11
94,Entry short,2024-11-25 16:00,Sell,94765.58,25.025378,2371544.461,-16257.28,-0.69,1902.98,98312.29,4.14,-16464.6,-0.69,1356235.8,135.62,11
95,Exit long,2024-12-05 16:00,Long SL/Trail,98895.76,24.22031,2355293.631,38092.1,1.62,1900.23,165119.11,7.01,-88752.85,-3.77,1394327.9,139.43,38
95,Entry long,2024-11-29 08:00,Buy,97244.57,24.22031,2355293.631,38092.1,1.62,1900.23,165119.11,7.01,-88752.85,-3.77,1394327.9,139.43,38
96,Exit short,2024-12-11 16:00,Buy signal — close short,101177.2,24.652493,2393370.519,-102854.75,-4.30,1955.06,68632.45,2.87,-121831.73,-5.09,1291473.1,129.15,35
96,Entry short,2024-12-05 20:00,Sell,97084.32,24.652493,2393370.519,-102854.75,-4.30,1955.06,68632.45,2.87,-121831.73,-5.09,1291473.1,129.15,35
97,Exit long,2024-12-18 16:00,Long SL/Trail,102948.97,22.648929,2291555.219,38279.4,1.67,1849.3,161933.25,7.06,-45033.79,-1.96,1329752.5,132.98,42
97,Entry long,2024-12-11 16:00,Buy,101177.2,22.648929,2291555.219,38279.4,1.67,1849.3,161933.25,7.06,-45033.79,-1.96,1329752.5,132.98,42
98,Exit short,2024-12-20 12:00,Short SL/Trail,97190.12,22.640299,2328821.002,126595.93,5.43,1811.69,240238.6,10.31,-3477.66,-0.15,1456348.5,145.63,11
98,Entry short,2024-12-18 16:00,Sell,102861.76,22.640299,2328821.002,126595.93,5.43,1811.69,240238.6,10.31,-3477.66,-0.15,1456348.5,145.63,11
99,Exit long,2024-12-27 12:00,Sell signal — close long,94458.2,24.710888,2455366.25,-123136.05,-5.01,1915.8,11587.29,0.47,-135520.58,-5.52,1333212.4,133.32,10
99,Entry long,2024-12-25 20:00,Buy,99363.74,24.710888,2455366.25,-123136.05,-5.01,1915.8,11587.29,0.47,-135520.58,-5.52,1333212.4,133.32,10
100,Exit short,2025-01-02 08:00,Buy signal — close short,96532,24.701018,2333213.698,-53112.03,-2.28,1887.06,75141.65,3.22,-55640.85,-2.38,1280100.4,128.01,35
100,Entry short,2024-12-27 12:00,Sell,94458.2,24.701018,2333213.698,-53112.03,-2.28,1887.06,75141.65,3.22,-55640.85,-2.38,1280100.4,128.01,35
101,Exit long,2025-01-07 12:00,Long SL/Trail,97582.72,23.620593,2280143.083,22984.59,1.01,1834.04,145221.47,6.37,-18946.62,-0.83,1303085,130.31,31
101,Entry long,2025-01-02 08:00,Buy,96532,23.620593,2280143.083,22984.59,1.01,1834.04,145221.47,6.37,-18946.62,-0.83,1303085,130.31,31
102,Exit short,2025-01-10 16:00,Short SL/Trail,95767.62,23.493213,2302164.078,50454.16,2.19,1820.82,158492.8,6.88,-9972.1,-0.43,1353539.1,135.35,19
102,Entry short,2025-01-07 12:00,Sell,97992.73,23.493213,2302164.078,50454.16,2.19,1820.82,158492.8,6.88,-9972.1,-0.43,1353539.1,135.35,19
103,Exit long,2025-01-19 20:00,Long SL/Trail,100768.06,24.377319,2352598.014,101933.51,4.33,1923.62,237578.6,10.09,-29836.21,-1.27,1455472.6,145.55,33
103,Entry long,2025-01-14 08:00,Buy,96507.66,24.377319,2352598.014,101933.51,4.33,1923.62,237578.6,10.09,-29836.21,-1.27,1455472.6,145.55,33
104,Exit short,2025-01-29 16:00,Buy signal — close short,103515.55,24.216957,2454490.788,-54325.36,-2.21,1984.53,86068.72,3.51,-62109.75,-2.53,1401147.2,140.11,16
104,Entry short,2025-01-27 00:00,Sell,101354.22,24.216957,2454490.788,-54325.36,-2.21,1984.53,86068.72,3.51,-62109.75,-2.53,1401147.2,140.11,16
105,Exit long,2025-02-01 20:00,Sell signal — close long,100607.43,23.196423,2401190.485,-69351.95,-2.89,1893.97,66433.95,2.77,-76509.6,-3.19,1331795.4,133.18,19
105,Entry long,2025-01-29 16:00,Buy,103515.55,23.196423,2401190.485,-69351.95,-2.89,1893.97,66433.95,2.77,-76509.6,-3.19,1331795.4,133.18,19
106,Exit short,2025-02-03 08:00,Short SL/Trail,95829.51,23.177185,2331797.017,108917.59,4.67,1821.14,215571.62,9.24,-20087.04,-0.86,1440712.9,144.07,9
106,Entry short,2025-02-01 20:00,Sell,100607.43,23.177185,2331797.017,108917.59,4.67,1821.14,215571.62,9.24,-20087.04,-0.86,1440712.9,144.07,9
107,Exit long,2025-02-11 16:00,Sell signal — close long,95059.2,23.953097,2439736.946,-164661.39,-6.75,1886.68,12884.56,0.53,-171423.73,-7.02,1276051.5,127.61,48
107,Entry long,2025-02-03 16:00,Buy,101854.76,23.953097,2439736.946,-164661.39,-6.75,1886.68,12884.56,0.53,-171423.73,-7.02,1276051.5,127.61,48
108,Exit short,2025-02-20 16:00,Buy signal — close short,98416.47,23.94353,2276052.807,-82237.89,-3.61,1853,39136.81,1.72,-91275.46,-4.01,1193813.6,119.38,54
108,Entry short,2025-02-11 16:00,Sell,95059.2,23.94353,2276052.807,-82237.89,-3.61,1853,39136.81,1.72,-91275.46,-4.01,1193813.6,119.38,54
109,Exit long,2025-02-21 16:00,Sell signal — close long,95298.94,22.291793,2193879.577,-71222.64,-3.25,1727.31,23180.87,1.06,-71123.9,-3.24,1122591,112.26,6
109,Entry long,2025-02-20 16:00,Buy,98416.47,22.291793,2193879.577,-71222.64,-3.25,1727.31,23180.87,1.06,-71123.9,-3.24,1122591,112.26,6
110,Exit short,2025-02-27 04:00,Short SL/Trail,86283.37,22.272993,2122592.624,199185.97,9.38,1617.75,291469.28,13.73,-36929.28,-1.74,1321777,132.18,33
110,Entry short,2025-02-21 16:00,Sell,95298.94,22.272993,2122592.624,199185.97,9.38,1617.75,291469.28,13.73,-36929.28,-1.74,1321777,132.18,33
111,Exit long,2025-03-03 12:00,Long SL/Trail,90221.87,26.560148,2320848.574,73570.78,3.17,1886.86,200652.03,8.64,-2885.56,-0.12,1395347.8,139.53,6
111,Entry long,2025-03-02 12:00,Buy,87380.86,26.560148,2320848.574,73570.78,3.17,1886.86,200652.03,8.64,-2885.56,-0.12,1395347.8,139.53,6
112,Exit short,2025-03-04 16:00,Short SL/Trail,85554.35,27.963979,2394389.975,35.2,0.00,1914.73,114919.1,4.80,-40180.59,-1.68,1395383,139.54,6
112,Entry short,2025-03-03 16:00,Sell,85624.08,27.963979,2394389.975,35.2,0.00,1914.73,114919.1,4.80,-40180.59,-1.68,1395383,139.54,6
113,Exit long,2025-03-09 12:00,Sell signal — close long,83055.31,26.139362,2394425.157,-225238.52,-9.40,1826.18,30418.88,1.27,-231681.55,-9.67,1170144.5,117.01,21
113,Entry long,2025-03-06 00:00,Buy,91602.28,26.139362,2394425.157,-225238.52,-9.40,1826.18,30418.88,1.27,-231681.55,-9.67,1170144.5,117.01,21
114,Exit short,2025-03-11 04:00,Short SL/Trail,80428.71,26.128923,2170145.8,66921.56,3.08,1708.66,167835.42,7.73,-25934.32,-1.19,1237066,123.71,10
114,Entry short,2025-03-09 12:00,Sell,83055.31,26.128923,2170145.8,66921.56,3.08,1708.66,167835.42,7.73,-25934.32,-1.19,1237066,123.71,10
115,Exit long,2025-03-28 04:00,Sell signal — close long,85200.56,26.179746,2236171.541,-7429.2,-0.33,1786.68,86700.34,3.88,-60681.42,-2.71,1229636.9,122.96,51
115,Entry long,2025-03-19 16:00,Buy,85416.09,26.179746,2236171.541,-7429.2,-0.33,1786.68,86700.34,3.88,-60681.42,-2.71,1229636.9,122.96,51
116,Exit short,2025-04-01 12:00,Short SL/Trail,85343.43,26.16929,2229638.163,-5524.01,-0.25,1785.21,101721.86,4.56,-9973.91,-0.45,1224112.8,122.41,26
116,Entry short,2025-03-28 04:00,Sell,85200.56,26.16929,2229638.163,-5524.01,-0.25,1785.21,101721.86,4.56,-9973.91,-0.45,1224112.8,122.41,26
117,Exit long,2025-04-02 20:00,Sell signal — close long,82519.45,26.075671,2223223.444,-73223.41,-3.29,1749.99,82408.4,3.71,-76998.17,-3.46,1150889.4,115.09,8
117,Entry long,2025-04-01 12:00,Buy,85260.45,26.075671,2223223.444,-73223.41,-3.29,1749.99,82408.4,3.71,-76998.17,-3.46,1150889.4,115.09,8
118,Exit short,2025-04-07 12:00,Short SL/Trail,78181.39,26.065258,2150890.754,111397.17,5.18,1675.48,209252.47,9.72,-57428.22,-2.67,1262286.6,126.23,28
118,Entry short,2025-04-02 20:00,Sell,82519.45,26.065258,2150890.754,111397.17,5.18,1675.48,209252.47,9.72,-57428.22,-2.67,1262286.6,126.23,28
119,Exit long,2025-05-04 20:00,Sell signal — close long,94301.07,27.499506,2261382.002,329909,14.58,1941.85,430339.94,19.02,-104904.94,-4.64,1592195.6,159.22,151
119,Entry long,2025-04-09 16:00,Buy,82233.55,27.499506,2261382.002,329909,14.58,1941.85,430339.94,19.02,-104904.94,-4.64,1592195.6,159.22,151
120,Exit short,2025-05-06 20:00,Buy signal — close short,96824.95,27.488522,2592197.037,-71479.24,-2.76,2101.51,23851.23,0.92,-72685.44,-2.80,1520716.4,152.07,12
120,Entry short,2025-05-04 20:00,Sell,94301.07,27.488522,2592197.037,-71479.24,-2.76,2101.51,23851.23,0.92,-72685.44,-2.80,1520716.4,152.07,12
121,Exit long,2025-05-29 16:00,Long SL/Trail,106405.97,26.03434,2520773.669,247319.14,9.81,2116.39,394228.9,15.63,-27953.33,-1.11,1768035.5,176.80,137
121,Entry long,2025-05-06 20:00,Buy,96824.95,26.03434,2520773.669,247319.14,9.81,2116.39,394228.9,15.63,-27953.33,-1.11,1768035.5,176.80,137
122,Exit short,2025-06-06 12:00,Buy signal — close short,105148.03,26.161423,2766928.632,13899.44,0.50,2207.1,137536.73,4.97,-29129.58,-1.05,1781934.9,178.19,47
122,Entry short,2025-05-29 16:00,Sell,105763.69,26.161423,2766928.632,13899.44,0.50,2207.1,137536.73,4.97,-29129.58,-1.05,1781934.9,178.19,47
123,Exit long,2025-06-12 16:00,Sell signal — close long,106824.71,26.45721,2781923.511,42116.99,1.51,2243.28,142198.8,5.11,-32473.03,-1.17,1824051.9,182.41,37
123,Entry long,2025-06-06 12:00,Buy,105148.03,26.45721,2781923.511,42116.99,1.51,2243.28,142198.8,5.11,-32473.03,-1.17,1824051.9,182.41,37
124,Exit short,2025-06-16 16:00,Buy signal — close short,108664.48,26.436335,2824053.82,-50915.47,-1.80,2278.7,106657.4,3.78,-55715.37,-1.97,1773136.4,177.31,24
124,Entry short,2025-06-12 16:00,Sell,106824.71,26.436335,2824053.82,-50915.47,-1.80,2278.7,106657.4,3.78,-55715.37,-1.97,1773136.4,177.31,24
125,Exit long,2025-06-17 12:00,Sell signal — close long,104291.97,25.520549,2773177.186,-113762.77,-4.10,2173.91,6256.98,0.23,-115108.54,-4.15,1659373.6,165.94,5
125,Entry long,2025-06-16 16:00,Buy,108664.48,25.520549,2773177.186,-113762.77,-4.10,2173.91,6256.98,0.23,-115108.54,-4.15,1659373.6,165.94,5
126,Exit short,2025-06-23 16:00,Short SL/Trail,103154.64,25.499331,2659375.464,26885.25,1.01,2115.9,153194.45,5.76,-58203.67,-2.19,1686258.9,168.63,37
126,Entry short,2025-06-17 12:00,Sell,104291.97,25.499331,2659375.464,26885.25,1.01,2115.9,153194.45,5.76,-58203.67,-2.19,1686258.9,168.63,37
127,Exit long,2025-07-01 12:00,Sell signal — close long,105979.99,25.480788,2685184.805,13114.6,0.49,2154.26,86024.87,3.20,-18277.94,-0.68,1699373.5,169.94,46
127,Entry long,2025-06-23 20:00,Buy,105380.76,25.480788,2685184.805,13114.6,0.49,2154.26,86024.87,3.20,-18277.94,-0.68,1699373.5,169.94,46
128,Exit short,2025-07-02 12:00,Buy signal — close short,108756.82,25.470609,2699374.887,-72915.34,-2.70,2187.79,20180.06,0.75,-71918.35,-2.66,1626458.1,162.65,6
128,Entry short,2025-07-01 12:00,Sell,105979.99,25.470609,2699374.887,-72915.34,-2.70,2187.79,20180.06,0.75,-71918.35,-2.66,1626458.1,162.65,6
129,Exit long,2025-07-15 00:00,Long SL/Trail,117056.48,24.150362,2626516.573,198258.4,7.55,2181.39,348177.4,13.25,-35987.48,-1.37,1824716.6,182.47,75
129,Entry long,2025-07-02 12:00,Buy,108756.82,24.150362,2626516.573,198258.4,7.55,2181.39,348177.4,13.25,-35987.48,-1.37,1824716.6,182.47,75
130,Exit short,2025-08-07 08:00,Buy signal — close short,116534.95,24.097088,2823587.13,13181.49,0.47,2252.7,125207.98,4.43,-93203.2,-3.30,1837898.1,183.79,140
130,Entry short,2025-07-15 00:00,Sell,117175.45,24.097088,2823587.13,13181.49,0.47,2252.7,125207.98,4.43,-93203.2,-3.30,1837898.1,183.79,140
131,Exit long,2025-08-12 08:00,Sell signal — close long,118518.58,24.35224,2837887.071,46016.2,1.62,2289.63,139862.12,4.93,-22399.04,-0.79,1883914.2,188.39,30
131,Entry long,2025-08-07 08:00,Buy,116534.95,24.35224,2837887.071,46016.2,1.62,2289.63,139862.12,4.93,-22399.04,-0.79,1883914.2,188.39,30
132,Exit short,2025-08-13 16:00,Buy signal — close short,122719.62,24.333029,2883916.044,-104572.05,-3.62,2348.02,4575.65,0.16,-105727.19,-3.66,1779342.2,177.93,8
132,Entry short,2025-08-12 08:00,Sell,118518.58,24.333029,2883916.044,-104572.05,-3.62,2348.02,4575.65,0.16,-105727.19,-3.66,1779342.2,177.93,8
133,Exit long,2025-08-14 12:00,Sell signal — close long,118298.04,22.648586,2779425.867,-102326.02,-3.68,2183.48,39240.99,1.41,-112969.52,-4.06,1677016.2,167.70,5
133,Entry long,2025-08-13 16:00,Buy,122719.62,22.648586,2779425.867,-102326.02,-3.68,2183.48,39240.99,1.41,-112969.52,-4.06,1677016.2,167.70,5
134,Exit short,2025-08-22 12:00,Buy signal — close short,116351.73,22.629436,2677017.925,41919.9,1.57,2124,149145.66,5.57,-23629.64,-0.88,1718936.1,171.89,48
134,Entry short,2025-08-14 12:00,Sell,118298.04,22.629436,2677017.925,41919.9,1.57,2124,149145.66,5.57,-23629.64,-0.88,1718936.1,171.89,48
135,Exit long,2025-08-24 16:00,Sell signal — close long,112561.19,23.36796,2718902.573,-90716.87,-3.34,2139.69,23188.01,0.85,-131081.19,-4.82,1628219.2,162.82,13
135,Entry long,2025-08-22 12:00,Buy,116351.73,23.36796,2718902.573,-90716.87,-3.34,2139.69,23188.01,0.85,-131081.19,-4.82,1628219.2,162.82,13
136,Exit short,2025-09-02 12:00,Buy signal — close short,110845.42,23.349264,2628220.941,37975.41,1.44,2086.55,122603.38,4.66,-26486.58,-1.01,1666194.6,166.62,53
136,Entry short,2025-08-24 16:00,Sell,112561.19,23.349264,2628220.941,37975.41,1.44,2086.55,122603.38,4.66,-26486.58,-1.01,1666194.6,166.62,53
137,Exit long,2025-09-22 00:00,Sell signal — close long,114716.88,24.052995,2666164.333,90950.03,3.41,2170.18,169408.17,6.35,-36141.02,-1.36,1757144.6,175.71,117
137,Entry long,2025-09-02 12:00,Buy,110845.42,24.052995,2666164.333,90950.03,3.41,2170.18,169408.17,6.35,-36141.02,-1.36,1757144.6,175.71,117
138,Exit short,2025-09-28 20:00,Buy signal — close short,112219.23,24.034357,2757146.448,57847.71,2.10,2181.71,144004.33,5.22,-1170.64,-0.04,1814992.4,181.50,41
138,Entry short,2025-09-22 00:00,Sell,114716.88,24.034357,2757146.448,57847.71,2.10,2181.71,144004.33,5.22,-1170.64,-0.04,1814992.4,181.50,41
139,Exit long,2025-10-07 12:00,Sell signal — close long,121911.87,25.084347,2814946.105,240784.33,8.55,2349.21,350327.28,12.44,-16175.33,-0.57,2055776.8,205.58,52
139,Entry long,2025-09-28 20:00,Buy,112219.23,25.084347,2814946.105,240784.33,8.55,2349.21,350327.28,12.44,-16175.33,-0.57,2055776.8,205.58,52
140,Exit short,2025-10-10 20:00,Short SL/Trail,112855.45,25.065472,3055778.564,224649.62,7.35,2353.82,469465.9,15.36,-59254.64,-1.94,2280426.2,228.04,20
140,Entry short,2025-10-07 12:00,Sell,121911.87,25.065472,3055778.564,224649.62,7.35,2353.82,469465.9,15.36,-59254.64,-1.94,2280426.2,228.04,20
141,Exit long,2025-10-29 12:00,Sell signal — close long,111531.91,29.481977,3279114.613,6439.67,0.20,2626.92,150743.42,4.60,-132289.75,-4.03,2286866,228.69,56
141,Entry long,2025-10-20 04:00,Buy,111224.38,29.481977,3279114.613,6439.67,0.20,2626.92,150743.42,4.60,-132289.75,-4.03,2286866,228.69,56
142,Exit short,2025-11-05 16:00,Short SL/Trail,103914.38,29.4702,3286867.694,221950.44,6.75,2539.7,369004.25,11.22,-15803.48,-0.48,2508816.5,250.88,43
142,Entry short,2025-10-29 12:00,Sell,111531.91,29.4702,3286867.694,221950.44,6.75,2539.7,369004.25,11.22,-15803.48,-0.48,2508816.5,250.88,43
143,Exit long,2025-11-12 12:00,Sell signal — close long,102167.01,33.080579,3507413.378,-130424.4,-3.72,2754.86,46557.26,1.33,-135393.86,-3.86,2378392,237.84,15
143,Entry long,2025-11-10 00:00,Buy,106026.36,33.080579,3507413.378,-130424.4,-3.72,2754.86,46557.26,1.33,-135393.86,-3.86,2378392,237.84,15
144,Exit short,2025-11-18 16:00,Short SL/Trail,93721.86,33.067365,3378393.811,276667.84,8.19,2591.01,425486.8,12.59,-63015.05,-1.86,2655060,265.51,37
144,Entry short,2025-11-12 12:00,Sell,102167.01,33.067365,3378393.811,276667.84,8.19,2591.01,425486.8,12.59,-63015.05,-1.86,2655060,265.51,37
145,Exit long,2025-12-01 00:00,Sell signal — close long,86366.26,40.629504,3653598.396,-147445.14,-4.03,2865.05,124921.51,3.42,-153046.06,-4.19,2507614.8,250.76,26
145,Entry long,2025-11-26 16:00,Buy,89924.76,40.629504,3653598.396,-147445.14,-4.03,2865.05,124921.51,3.42,-153046.06,-4.19,2507614.8,250.76,26
146,Exit short,2025-12-02 12:00,Buy signal — close short,90867.92,40.613278,3507616.927,-185706.39,-5.29,2879.22,100055.42,2.85,-196832.11,-5.61,2321908.2,232.19,9
146,Entry short,2025-12-01 00:00,Sell,86366.26,40.613278,3507616.927,-185706.39,-5.29,2879.22,100055.42,2.85,-196832.11,-5.61,2321908.2,232.19,9
147,Exit long,2025-12-11 00:00,Long SL/Trail,89858.69,36.559187,3322057.28,-39539.52,-1.19,2642.89,134679.39,4.05,-114756.62,-3.45,2282368.8,228.24,51
147,Entry long,2025-12-02 12:00,Buy,90867.92,36.559187,3322057.28,-39539.52,-1.19,2642.89,134679.39,4.05,-114756.62,-3.45,2282368.8,228.24,51
148,Exit short,2025-12-17 12:00,Short SL/Trail,89463.77,36.701413,3281056.408,-5016.16,-0.15,2625.8,152653.31,4.65,-24432.48,-0.74,2277352.8,227.74,19
148,Entry short,2025-12-14 08:00,Sell,89398.64,36.701413,3281056.408,-5016.16,-0.15,2625.8,152653.31,4.65,-24432.48,-0.74,2277352.8,227.74,19
149,Exit long,2025-12-24 04:00,Sell signal — close long,86858.72,36.430998,3276042.194,-114268.5,-3.49,2576.16,21344.93,0.65,-122933.48,-3.75,2163084.2,216.31,11
149,Entry long,2025-12-22 08:00,Buy,89924.58,36.430998,3276042.194,-114268.5,-3.49,2576.16,21344.93,0.65,-122933.48,-3.75,2163084.2,216.31,11
150,Exit short,2025-12-29 00:00,Buy signal — close short,90053.48,36.416448,3163086.06,-118918.82,-3.76,2577.01,16086.11,0.51,-118662.03,-3.75,2044165.4,204.42,29
150,Entry short,2025-12-24 04:00,Sell,86858.72,36.416448,3163086.06,-118918.82,-3.76,2577.01,16086.11,0.51,-118662.03,-3.75,2044165.4,204.42,29
151,Exit long,2025-12-29 08:00,Sell signal — close long,87511.44,33.805033,3044260.863,-88334.78,-2.90,2401.04,8023.92,0.26,-87151.45,-2.86,1955830.6,195.58,2
151,Entry long,2025-12-29 00:00,Buy,90053.48,33.805033,3044260.863,-88334.78,-2.90,2401.04,8023.92,0.26,-87151.45,-2.86,1955830.6,195.58,2
152,Exit short,2026-01-02 16:00,Buy signal — close short,89788.39,33.776531,2955832.866,-79302.9,-2.68,2395.43,24638.14,0.83,-113746.68,-3.85,1876527.6,187.65,26
152,Entry short,2025-12-29 08:00,Sell,87511.44,33.776531,2955832.866,-79302.9,-2.68,2395.43,24638.14,0.83,-113746.68,-3.85,1876527.6,187.65,26
153,Exit long,2026-01-07 12:00,Sell signal — close long,91314.54,32.037454,2876591.414,46573.13,1.62,2320.83,157533.44,5.47,-17025.19,-0.59,1923100.8,192.31,29
153,Entry long,2026-01-02 16:00,Buy,89788.39,32.037454,2876591.414,46573.13,1.62,2320.83,157533.44,5.47,-17025.19,-0.59,1923100.8,192.31,29
154,Exit short,2026-01-13 12:00,Buy signal — close short,93342.43,32.011364,2923102.978,-67279.98,-2.30,2364.45,64496.63,2.21,-66084.77,-2.26,1855820.9,185.58,36
154,Entry short,2026-01-07 12:00,Sell,91314.54,32.011364,2923102.978,-67279.98,-2.30,2364.45,64496.63,2.21,-66084.77,-2.26,1855820.9,185.58,36
155,Exit long,2026-01-18 20:00,Sell signal — close long,93642.53,30.595678,2855874.932,6893.39,0.24,2288.37,136951.55,4.79,-12169.64,-0.43,1862714.2,186.27,32
155,Entry long,2026-01-13 12:00,Buy,93342.43,30.595678,2855874.932,6893.39,0.24,2288.37,136951.55,4.79,-12169.64,-0.43,1862714.2,186.27,32
156,Exit short,2026-01-27 20:00,Buy signal — close short,89159.91,30.570686,2862716.381,134801.4,4.71,2235.36,233697.1,8.16,-1166.79,-0.04,1997515.6,199.75,54
156,Entry short,2026-01-18 20:00,Sell,93642.53,30.570686,2862716.381,134801.4,4.71,2235.36,233697.1,8.16,-1166.79,-0.04,1997515.6,199.75,54
157,Exit long,2026-01-29 12:00,Sell signal — close long,84814.13,33.618339,2997408.08,-148437.39,-4.95,2339.49,42645.07,1.42,-165633.98,-5.52,1849078.2,184.91,10
157,Entry long,2026-01-27 20:00,Buy,89159.91,33.618339,2997408.08,-148437.39,-4.95,2339.49,42645.07,1.42,-165633.98,-5.52,1849078.2,184.91,10
158,Exit short,2026-02-02 12:00,Short SL/Trail,78279.14,33.592049,2849080.411,217332.25,7.63,2191.45,343602.47,12.06,-24649.36,-0.86,2066410.5,206.64,24
158,Entry short,2026-01-29 12:00,Sell,84814.13,33.592049,2849080.411,217332.25,7.63,2191.45,343602.47,12.06,-24649.36,-0.86,2066410.5,206.64,24
159,Exit long,2026-02-12 16:00,Sell signal — close long,65742.02,43.258713,3065184.357,-223632.83,-7.29,2363.64,57479.9,1.87,-250957.33,-8.18,1842777.6,184.28,34
159,Entry long,2026-02-07 00:00,Buy,70857.04,43.258713,3065184.357,-223632.83,-7.29,2363.64,57479.9,1.87,-250957.33,-8.18,1842777.6,184.28,34
160,Exit short,2026-02-14 08:00,Buy signal — close short,70472.68,43.241443,2842779.811,-206916.61,-7.28,2356.05,22975.18,0.81,-206805.95,-7.27,1635861,163.59,10
160,Entry short,2026-02-12 16:00,Sell,65742.02,43.241443,2842779.811,-206916.61,-7.28,2356.05,22975.18,0.81,-206805.95,-7.27,1635861,163.59,10
161,Exit long,2026-02-16 12:00,Sell signal — close long,67498.17,37.404953,2636027.283,-113325.73,-4.30,2064.32,16539.38,0.63,-120985.91,-4.59,1522535.4,152.25,13
161,Entry long,2026-02-14 08:00,Buy,70472.68,37.404953,2636027.283,-113325.73,-4.30,2064.32,16539.38,0.63,-120985.91,-4.59,1522535.4,152.25,13
162,Exit short,2026-02-25 00:00,Short SL/Trail,65681.88,37.371942,2522537.694,65887.41,2.61,1990.88,183759.36,7.28,-63726.23,-2.53,1588422.8,158.84,51
162,Entry short,2026-02-16 12:00,Sell,67498.17,37.371942,2522537.694,65887.41,2.61,1990.88,183759.36,7.28,-63726.23,-2.53,1588422.8,158.84,51
163,Exit long,2026-02-28 04:00,Sell signal — close long,63826.9,38.3779,2587387.743,-139860.12,-5.40,2014.77,96282.95,3.72,-168825.05,-6.52,1448562.6,144.86,16
163,Entry long,2026-02-25 12:00,Buy,67418.69,38.3779,2587387.743,-139860.12,-5.40,2014.77,96282.95,3.72,-168825.05,-6.52,1448562.6,144.86,16
164,Exit short,2026-03-01 00:00,Buy signal — close short,67508.84,38.362579,2448564.494,-143264.06,-5.85,2015.35,16386.93,0.67,-168143.98,-6.86,1305298.5,130.53,5
164,Entry short,2026-02-28 04:00,Sell,63826.9,38.362579,2448564.494,-143264.06,-5.85,2015.35,16386.93,0.67,-168143.98,-6.86,1305298.5,130.53,5
165,Exit long,2026-03-06 04:00,Long SL/Trail,70326.57,34.149806,2305413.789,94342.11,4.09,1882.82,221706.56,9.61,-84573.14,-3.67,1399640.6,139.96,31
165,Entry long,2026-03-01 00:00,Buy,67508.84,34.149806,2305413.789,94342.11,4.09,1882.82,221706.56,9.61,-84573.14,-3.67,1399640.6,139.96,31
166,Exit short,2026-03-10 04:00,Buy signal — close short,70405.77,35.356792,2398681.14,-92596.23,-3.86,1955.2,77408.5,3.23,-97791.47,-4.08,1307044.4,130.70,18
166,Entry short,2026-03-07 04:00,Sell,67842.16,35.356792,2398681.14,-92596.23,-3.86,1955.2,77408.5,3.23,-97791.47,-4.08,1307044.4,130.70,18
167,Exit long,2026-03-18 12:00,Long SL/Trail,72189.45,32.768887,2307118.721,56580.13,2.45,1869.07,182031.42,7.89,-47634.57,-2.06,1363624.5,136.36,50
167,Entry long,2026-03-10 04:00,Buy,70405.77,32.768887,2307118.721,56580.13,2.45,1869.07,182031.42,7.89,-47634.57,-2.06,1363624.5,136.36,50
168,Exit short,2026-03-23 08:00,Short SL/Trail,70729.6,33.047509,2362679.441,23362.3,0.99,1880.05,135605.25,5.74,-17472.46,-0.74,1386986.9,138.70,29
168,Entry short,2026-03-18 12:00,Sell,71493.42,33.047509,2362679.441,23362.3,0.99,1880.05,135605.25,5.74,-17472.46,-0.74,1386986.9,138.70,29
169,Exit long,2026-03-27 08:00,Sell signal — close long,66669.18,33.763423,2386032.405,-136907.48,-5.74,1854.8,43367.51,1.82,-150772.84,-6.32,1250079.4,125.01,22
169,Entry long,2026-03-23 16:00,Buy,70669.15,33.763423,2386032.405,-136907.48,-5.74,1854.8,43367.51,1.82,-150772.84,-6.32,1250079.4,125.01,22
170,Exit short,2026-04-01 04:00,Buy signal — close short,68632.27,33.749943,2250081.025,-68080.74,-3.02,1826.57,56922.06,2.53,-86726.14,-3.85,1181998.6,118.20,29
170,Entry short,2026-03-27 08:00,Sell,66669.18,33.749943,2250081.025,-68080.74,-3.02,1826.57,56922.06,2.53,-86726.14,-3.85,1181998.6,118.20,29
171,Exit long,2026-04-12 12:00,Sell signal — close long,70907.07,31.793407,2182053.693,70549.07,3.23,1774.57,163904.78,7.51,-92792.02,-4.25,1252547.8,125.25,68
171,Entry long,2026-04-01 04:00,Buy,68632.27,31.793407,2182053.693,70549.07,3.23,1774.57,163904.78,7.51,-92792.02,-4.25,1252547.8,125.25,68
172,Exit short,2026-04-13 16:00,Buy signal — close short,73325.06,31.767632,2252549.706,-78646.58,-3.49,1832.77,10967.69,0.49,-82236.96,-3.65,1173901.1,117.39,7
172,Entry short,2026-04-12 12:00,Sell,70907.07,31.767632,2252549.706,-78646.58,-3.49,1832.77,10967.69,0.49,-82236.96,-3.65,1173901.1,117.39,7
173,Exit long,2026-04-19 20:00,Long SL/Trail,74401.71,29.648316,2173964.55,30168.92,1.39,1751.94,147152,6.77,-10307.83,-0.47,1204070,120.41,37
173,Entry long,2026-04-13 16:00,Buy,73325.06,29.648316,2173964.55,30168.92,1.39,1751.94,147152,6.77,-10307.83,-0.47,1204070,120.41,37
174,Exit short,2026-04-22 00:00,Buy signal — close short,77546.5,29.840894,2203188.715,-112675.07,-5.11,1806.9,607.49,0.03,-117814.31,-5.35,1091395,109.14,13
174,Entry short,2026-04-19 20:00,Sell,73831.19,29.840894,2203188.715,-112675.07,-5.11,1806.9,607.49,0.03,-117814.31,-5.35,1091395,109.14,13
175,Exit long,2026-04-27 12:00,Sell signal — close long,76821.56,26.970723,2091485.171,-21217.52,-1.01,1665.37,51776.27,2.47,-26134.32,-1.25,1070177.5,107.02,33
175,Entry long,2026-04-22 00:00,Buy,77546.5,26.970723,2091485.171,-21217.52,-1.01,1665.37,51776.27,2.47,-26134.32,-1.25,1070177.5,107.02,33
176,Exit short,2026-05-01 12:00,Buy signal — close short,78419.57,26.947893,2070179.179,-44736.37,-2.16,1673.37,49539.16,2.39,-56225.39,-2.71,1025441.06,102.54,24
176,Entry short,2026-04-27 12:00,Sell,76821.56,26.947893,2070179.179,-44736.37,-2.16,1673.37,49539.16,2.39,-56225.39,-2.71,1025441.06,102.54,24
177,Exit long,2026-05-13 12:00,Sell signal — close long,78811.84,25.828721,2025477.194,8507.4,0.42,1624.43,112921.93,5.57,-18808.42,-0.93,1033948.5,103.39,72
177,Entry long,2026-05-01 12:00,Buy,78419.57,25.828721,2025477.194,8507.4,0.42,1624.43,112921.93,5.57,-18808.42,-0.93,1033948.5,103.39,72
178,Exit short,2026-05-24 08:00,Buy signal — close short,77215.93,25.807672,2033950.116,39576.04,1.94,1610.69,117044.13,5.75,-83174.37,-4.09,1073524.5,107.35,65
178,Entry short,2026-05-13 12:00,Sell,78811.84,25.807672,2033950.116,39576.04,1.94,1610.69,117044.13,5.75,-83174.37,-4.09,1073524.5,107.35,65
179,Exit long,2026-05-27 12:00,Sell signal — close long,75225.81,26.853179,2073493.19,-55078.46,-2.66,1637.42,20006.79,0.96,-68831.59,-3.32,1018446.06,101.84,19
179,Entry long,2026-05-24 08:00,Buy,77215.93,26.853179,2073493.19,-55078.46,-2.66,1637.42,20006.79,0.96,-68831.59,-3.32,1018446.06,101.84,19
180,Exit short,2026-06-04 04:00,Short SL/Trail,64383.15,26.831851,2018447.725,289430.25,14.33,1498.39,372385.3,18.44,-3186.02,-0.16,1307876.2,130.79,46
180,Entry short,2026-05-27 12:00,Sell,75225.81,26.831851,2018447.725,289430.25,14.33,1498.39,372385.3,18.44,-3186.02,-0.16,1307876.2,130.79,46
181,Exit long,2026-06-17 16:00,Sell signal — close long,64241.47,35.809659,2306953.486,-8331.32,-0.36,1842.97,100165.38,4.34,-28087.27,-1.22,1299545,129.95,23
181,Entry long,2026-06-13 20:00,Buy,64422.66,35.809659,2306953.486,-8331.32,-0.36,1842.97,100165.38,4.34,-28087.27,-1.22,1299545,129.95,23
182,Exit short,2026-07-01 20:00,Short SL/Trail,60623.86,35.795363,2299546.738,127705.82,5.55,1787.84,231911.12,10.08,-47688.61,-2.07,1427250.8,142.73,85
182,Entry short,2026-06-17 16:00,Sell,64241.47,35.795363,2299546.738,127705.82,5.55,1787.84,231911.12,10.08,-47688.61,-2.07,1427250.8,142.73,85
183,Exit long,2026-07-13 12:00,Sell signal — close long,62574.35,39.778301,2426280.254,60854.92,2.51,1966.15,143828.88,5.93,-38870.88,-1.60,1488105.8,148.81,69
183,Entry long,2026-07-02 00:00,Buy,60995.07,39.778301,2426280.254,60854.92,2.51,1966.15,143828.88,5.93,-38870.88,-1.60,1488105.8,148.81,69
184,Exit short,2026-07-14 12:00,Buy signal — close short,64660.79,39.762422,2488107.711,-84985.58,-3.41,2023.67,30326.01,1.22,-91681.4,-3.68,1403120.1,140.31,6
184,Entry short,2026-07-13 12:00,Sell,62574.35,39.762422,2488107.711,-84985.58,-3.41,2023.67,30326.01,1.22,-91681.4,-3.68,1403120.1,140.31,6
185,Exit long,2026-07-17 04:00,Sell signal — close long,62773.27,37.166092,2403188.87,-72046.23,-3.00,1894.49,30860.7,1.28,-75178.24,-3.13,1331073.9,133.11,16
185,Entry long,2026-07-14 12:00,Buy,64660.79,37.166092,2403188.87,-72046.23,-3.00,1894.49,30860.7,1.28,-75178.24,-3.13,1331073.9,133.11,16
186,Exit short,2026-07-20 12:00,Buy signal — close short,65545.21,37.134853,2331076.154,-104841.62,-4.50,1906.04,9629.84,0.41,-104863.6,-4.50,1226232.2,122.62,20
186,Entry short,2026-07-17 04:00,Sell,62773.27,37.134853,2331076.154,-104841.62,-4.50,1906.04,9629.84,0.41,-104863.6,-4.50,1226232.2,122.62,20
187,Exit long,2026-07-24 12:00,Sell signal — close long,64047.51,33.966125,2226316.796,-52631.77,-2.36,1760.71,44818.71,2.01,-63749.26,-2.86,1173600.5,117.36,24
187,Entry long,2026-07-20 12:00,Buy,65545.21,33.966125,2226316.796,-52631.77,-2.36,1760.71,44818.71,2.01,-63749.26,-2.86,1173600.5,117.36,24
188,Exit short,2026-08-04 12:00,Buy signal — close short,64064.28,33.937347,2173602.571,-2308.24,-0.11,1739.11,61149.02,2.81,-55453.93,-2.55,1171292.2,117.13,66
188,Entry short,2026-07-24 12:00,Sell,64047.51,33.937347,2173602.571,-2308.24,-0.11,1739.11,61149.02,2.81,-55453.93,-2.55,1171292.2,117.13,66
189,Exit long,2026-08-10 12:00,Sell signal — close long,64251.69,33.89244,2171294.766,4612.21,0.21,1739.58,44167.76,2.03,-8911.53,-0.41,1175904.5,117.59,36
189,Entry long,2026-08-04 12:00,Buy,64064.28,33.89244,2171294.766,4612.21,0.21,1739.58,44167.76,2.03,-8911.53,-0.41,1175904.5,117.59,36
190,Exit short,2026-08-17 12:00,Buy signal — close short,64127.07,33.865358,2175906.484,2481.26,0.11,1739.04,58857.29,2.70,-6918.04,-0.32,1178385.8,117.84,42
190,Entry short,2026-08-10 12:00,Sell,64251.69,33.865358,2175906.484,2481.26,0.11,1739.04,58857.29,2.70,-6918.04,-0.32,1178385.8,117.84,42
191,Exit long,2026-08-28 16:00,Long SL/Trail,77328,33.96981,2178384.384,446511,20.49,1922.08,585816.8,26.88,-15995.39,-0.73,1624896.8,162.49,67
191,Entry long,2026-08-17 12:00,Buy,64127.07,33.96981,2178384.384,446511,20.49,1922.08,585816.8,26.88,-15995.39,-0.73,1624896.8,162.49,67
192,Exit short,2026-09-03 12:00,Buy signal — close short,81317.22,33.953317,2623847.147,-139296.14,-5.31,2153.93,34446.96,1.31,-138864.02,-5.29,1485600.6,148.56,11
192,Entry short,2026-09-01 16:00,Sell,77278.08,33.953317,2623847.147,-139296.14,-5.31,2153.93,34446.96,1.31,-138864.02,-5.29,1485600.6,148.56,11
193,Exit long,2026-09-09 16:00,Sell signal — close long,78226.05,30.568089,2485712.018,-96441.93,-3.88,1950.77,26741.67,1.08,-113271.18,-4.56,1389158.8,138.92,37
193,Entry long,2026-09-03 12:00,Buy,81317.22,30.568089,2485712.018,-96441.93,-3.88,1950.77,26741.67,1.08,-113271.18,-4.56,1389158.8,138.92,37
194,Exit short,2026-09-14 12:00,Buy signal — close short,78545.43,30.541753,2389160.697,-11669.65,-0.49,1915.23,63196.68,2.64,-48742.82,-2.04,1377489,137.75,29
194,Entry short,2026-09-09 16:00,Sell,78226.05,30.541753,2389160.697,-11669.65,-0.49,1915.23,63196.68,2.64,-48742.82,-2.04,1377489,137.75,29
195,Exit long,2026-09-15 12:00,Sell signal — close long,76502.26,30.269091,2377498.768,-63722.16,-2.68,1877.26,29601.41,1.24,-90241.49,-3.79,1313766.9,131.38,6
195,Entry long,2026-09-14 12:00,Buy,78545.43,30.269091,2377498.768,-63722.16,-2.68,1877.26,29601.41,1.24,-90241.49,-3.79,1313766.9,131.38,6
196,Exit short,2026-09-18 12:00,Buy signal — close short,80657.27,30.24445,2313768.777,-127567.27,-5.51,1901.28,45187.9,1.95,-138881.03,-6.00,1186199.6,118.62,18
196,Entry short,2026-09-15 12:00,Sell,76502.26,30.24445,2313768.777,-127567.27,-5.51,1901.28,45187.9,1.95,-138881.03,-6.00,1186199.6,118.62,18
197,Exit long,2026-09-24 08:00,Long SL/Trail,82986.57,27.106075,2186302.01,61363.88,2.81,1774.3,180656.48,8.26,-15845.21,-0.72,1247563.5,124.76,35
197,Entry long,2026-09-18 12:00,Buy,80657.27,27.106075,2186302.01,61363.88,2.81,1774.3,180656.48,8.26,-15845.21,-0.72,1247563.5,124.76,35
198,Exit short,Open,Open,—,26.914055,2246664.736,-15868.51,-0.71,898.67,7606.18,0.34,-47897.6,-2.13,1230796.2,123.08,11
198,Entry short,2026-09-24 08:00,Sell,83475.52,26.914055,2246664.736,-15868.51,-0.71,898.67,7606.18,0.34,-47897.6,-2.13,1230796.2,123.08,11